claim_id,actual_class,python_pred,py_conf_Valid,py_conf_Invalid,py_conf_ManualReview,card_filename,gtm_pred,gtm_conf_Valid,gtm_conf_Invalid,gtm_conf_ManualReview,class_match,confidence_difference,consistency_status,rule_result,missing_documents,contradictions,duplicate_indicator,final_decision,final_correct
CLM-01204,ManualReview,ManualReview,0.01935088087293793,0.0021366204856735254,0.9785124986413886,CLM-01204_v1.png,ManualReview,0.49634355306625366,9.12182149477303e-05,0.5035651326179504,True,0.4749473660234381,Uncertain Result,MANUAL_REVIEW,,,True,Manual Review Required,True
CLM-00671,Invalid,Invalid,0.17561769196005103,0.5551611121254043,0.2692211959145445,CLM-00671_v1.png,Invalid,1.2212399269628804e-06,0.9999985694885254,2.49386886252978e-07,True,0.4448374573631211,Weak Match,HARD_FAIL,,,False,Likely Invalid,True
CLM-00119,Valid,Valid,0.8582336907024908,0.040363093322793586,0.10140321597471559,CLM-00119_v1.png,Valid,1.0,1.1543112299339242e-10,1.8143851221799623e-12,True,0.14176630929750922,Strong Match,PASS,,,False,Likely Valid,True
CLM-00912,Invalid,Invalid,0.07593241635773938,0.8823911381596831,0.04167644548257755,CLM-00912_v1.png,Invalid,3.162107532261871e-06,0.9999967813491821,6.845162658919435e-08,True,0.11760564318949907,Strong Match,HARD_FAIL,,,False,Likely Invalid,True
CLM-00187,Valid,Valid,0.8476308092134063,0.03441190479569474,0.11795728599089907,CLM-00187_v1.png,Valid,1.0,5.672055536365406e-08,6.455005419070403e-09,True,0.15236919078659372,Acceptable Match,PASS,,,False,Likely Valid,True
CLM-00593,Invalid,Invalid,0.1290214333849656,0.7564964770686575,0.11448208954637683,CLM-00593_v1.png,Invalid,0.13834647834300995,0.8616535067558289,3.0339495360465207e-09,True,0.10515702968717133,Strong Match,HARD_FAIL,,,False,Likely Invalid,True
CLM-00574,Invalid,Invalid,0.02682366297439399,0.9519396729114208,0.02123666411418528,CLM-00574_v1.png,Invalid,1.5786294170538895e-05,0.9999842643737793,1.097571589170343e-09,True,0.04804459146235851,Strong Match,HARD_FAIL,,,False,Likely Invalid,True
CLM-00085,Valid,Valid,0.8361607113554947,0.04762817093126514,0.11621111771324019,CLM-00085_v1.png,Valid,0.9999998807907104,3.6176594164771814e-08,1.211620315189066e-07,True,0.1638391694352157,Acceptable Match,PASS,,,False,Likely Valid,True
CLM-00579,Invalid,Invalid,0.02359540414190037,0.9690942305902832,0.007310365267816368,CLM-00579_v1.png,Invalid,8.883124246494845e-05,0.9999107122421265,4.965708058080054e-07,True,0.030816481651843253,Strong Match,HARD_FAIL,,,False,Likely Invalid,True
CLM-00546,Invalid,Invalid,0.01671841825467408,0.980437053078229,0.002844528667096952,CLM-00546_v1.png,Invalid,6.608597323065624e-05,0.9999139308929443,1.9984969185316004e-05,True,0.0194768778147153,Strong Match,HARD_FAIL,,,False,Likely Invalid,True
CLM-01032,ManualReview,ManualReview,0.02992427131312039,0.0051403624714024525,0.9649353662154769,CLM-01032_v1.png,ManualReview,1.2814001248973028e-10,0.00030199607135728,0.9996980428695679,True,0.03476267665409094,Strong Match,MANUAL_REVIEW,receipt,,False,Manual Review Required,True
CLM-01028,ManualReview,ManualReview,0.0157016595501979,0.02543269356831236,0.9588656468814898,CLM-01028_v1.png,Valid,0.9999247789382935,7.396983710350469e-05,1.2022231885566725e-06,False,0.04105913205680367,Model Disagreement,MANUAL_REVIEW,,,False,Manual Review Required,True
CLM-00957,Invalid,Invalid,0.01061788204143382,0.9818506652950075,0.007531452663558687,CLM-00957_v1.png,Invalid,0.4712182283401489,0.5287817716598511,2.8055699985429783e-09,True,0.45306889363515646,Uncertain Result,HARD_FAIL,,,False,Likely Invalid,True
CLM-01150,ManualReview,ManualReview,0.016432450470726567,0.004030865747939586,0.9795366837813339,CLM-01150_v1.png,ManualReview,4.212206278220165e-11,6.488823419203982e-05,0.9999351501464844,True,0.020398466365150525,Strong Match,MANUAL_REVIEW,,,False,Manual Review Required,True
CLM-01241,ManualReview,ManualReview,0.027023167518202957,0.020700408821165365,0.9522764236606318,CLM-01241_v1.png,Valid,0.6168090105056763,0.1592637002468109,0.223927304148674,False,0.33546741315495554,Model Disagreement,MANUAL_REVIEW,,,False,Manual Review Required,True
CLM-01447,ManualReview,Valid,0.5661248752379435,0.11115852370669053,0.32271660105536604,CLM-01447_v1.png,ManualReview,2.0714955701734404e-16,1.396727924429797e-07,0.9999998807907104,False,0.4338750055527669,Model Disagreement,MANUAL_REVIEW,,,False,Manual Review Required,True
CLM-01179,ManualReview,ManualReview,0.005104690407325862,0.014703024777443867,0.9801922848152304,CLM-01179_v1.png,ManualReview,1.7420359076881407e-21,5.4385433934101e-09,1.0,True,0.019807715184769648,Strong Match,MANUAL_REVIEW,warranty_card,,False,Manual Review Required,True
CLM-00756,Invalid,Invalid,0.01306010977672937,0.9627467204519458,0.024193169771324855,CLM-00756_v1.png,Invalid,1.0543534045837077e-08,0.9999990463256836,1.0005015838032705e-06,True,0.037252325873737835,Strong Match,HARD_FAIL,,,False,Likely Invalid,True
CLM-00275,Valid,Valid,0.7289435082568323,0.09884148549756779,0.17221500624560004,CLM-00275_v1.png,Valid,1.0,1.3769221318682412e-08,1.1100342867109703e-08,True,0.2710564917431677,Acceptable Match,PASS,,,False,Likely Valid,True
CLM-00629,Invalid,Invalid,0.019251539248105683,0.9746841338109807,0.006064326940913787,CLM-00629_v1.png,Invalid,0.0005234645213931799,0.9994762539863586,2.8375959004733886e-07,True,0.024792120175377907,Strong Match,HARD_FAIL,,,False,Likely Invalid,True
CLM-00346,Valid,Valid,0.7753273664218886,0.09805211257154502,0.1266205210065665,CLM-00346_v1.png,Valid,1.0,1.6275183867264786e-08,8.631773518175123e-09,True,0.2246726335781114,Acceptable Match,PASS,,,False,Likely Valid,True
CLM-01062,ManualReview,ManualReview,0.04588054767652649,0.04050789721031069,0.9136115551131628,CLM-01062_v1.png,ManualReview,0.0001503995299572125,0.26086658239364624,0.7389830350875854,True,0.17462852002557738,Acceptable Match,MANUAL_REVIEW,,,False,Manual Review Required,True
CLM-00594,Invalid,Invalid,0.12970290108921106,0.8085772589883196,0.061719839922469426,CLM-00594_v1.png,Invalid,0.18203674256801605,0.8179632425308228,2.8935036588961793e-09,True,0.009385983542503196,Strong Match,HARD_FAIL,,,False,Likely Invalid,True
CLM-00987,Invalid,Invalid,0.012672793240375351,0.9821425379247569,0.00518466883486762,CLM-00987_v1.png,Invalid,0.003969739656895399,0.9960300326347351,1.892810104209275e-07,True,0.013887494709978188,Strong Match,HARD_FAIL,,,False,Likely Invalid,True
CLM-00313,Valid,Valid,0.8134561693671221,0.07058005761864224,0.11596377301423573,CLM-00313_v1.png,Valid,1.0,3.091227895879456e-08,6.404234920154295e-09,True,0.18654383063287794,Acceptable Match,PASS,,,False,Likely Valid,True
CLM-00484,Valid,Valid,0.7866870666915666,0.08590259752584709,0.12741033578258623,CLM-00484_v1.png,Valid,1.0,5.820981890947152e-11,2.722639821928219e-12,True,0.21331293330843337,Acceptable Match,PASS,,,False,Likely Valid,True
CLM-00961,Invalid,Invalid,0.0104998633593535,0.9849718870153733,0.00452824962527312,CLM-00961_v1.png,Invalid,0.3086164891719818,0.6913835406303406,4.6026574551660815e-08,True,0.29358834638503273,Acceptable Match,HARD_FAIL,,,False,Likely Invalid,True
CLM-00714,Invalid,Invalid,0.007093096203402582,0.9852062229131052,0.007700680883492213,CLM-00714_v1.png,Invalid,0.0039702835492789745,0.9960297346115112,2.334811632920264e-08,True,0.010823511698406008,Strong Match,HARD_FAIL,,,False,Likely Invalid,True
CLM-00810,Invalid,Invalid,0.013831653630690123,0.9806650601391524,0.005503286230157555,CLM-00810_v1.png,Valid,0.8185818195343018,0.18141815066337585,4.254296914751876e-11,False,0.1620832406048507,Model Disagreement,HARD_FAIL,,,False,Manual Review Required,False
CLM-00407,Valid,Valid,0.45613162883805575,0.1344201297898646,0.4094482413720796,CLM-00407_v1.png,Valid,0.9999998807907104,7.101917987029083e-08,6.202817370848379e-09,True,0.5438682519526548,Uncertain Result,PASS,,,False,Manual Review Required,False
CLM-00041,Valid,Valid,0.5307325671461213,0.09765805230309482,0.3716093805507839,CLM-00041_v1.png,Valid,0.9999998807907104,1.640390507873235e-07,2.2892576723165803e-08,True,0.4692673136445892,Uncertain Result,PASS,,,False,Manual Review Required,False
CLM-00352,Valid,Valid,0.48492736876939524,0.07091050430800216,0.4441621269226026,CLM-00352_v1.png,Valid,1.0,2.754286754225177e-08,1.349725553545511e-09,True,0.5150726312306048,Uncertain Result,PASS,,,False,Manual Review Required,False
CLM-01319,ManualReview,ManualReview,0.050495246474063074,0.0034693993285882002,0.9460353541973486,CLM-01319_v1.png,ManualReview,3.0788391836011897e-09,0.006812752224504948,0.9931871891021729,True,0.04715183490482422,Strong Match,MANUAL_REVIEW,receipt,,False,Manual Review Required,True
CLM-00972,Invalid,Invalid,0.01321603091647526,0.9782115133627546,0.008572455720770101,CLM-00972_v1.png,Invalid,0.23042075335979462,0.769579291343689,5.2311639464619475e-09,True,0.20863222201906562,Acceptable Match,HARD_FAIL,,,False,Likely Invalid,True
CLM-00761,Invalid,Invalid,0.22180331394356073,0.7411712236314763,0.03702546242496304,CLM-00761_v1.png,Invalid,1.2991042694920907e-06,0.9999983310699463,3.4646365065782447e-07,True,0.25882710743847004,Acceptable Match,HARD_FAIL,,,False,Likely Invalid,True
CLM-00070,Valid,Valid,0.8385428079749152,0.04140926091419122,0.12004793111089349,CLM-00070_v1.png,Valid,1.0,5.468083319470907e-09,1.3815230737179718e-08,True,0.1614571920250848,Acceptable Match,PASS,,,False,Likely Valid,True
CLM-00724,Invalid,Invalid,0.009924599438110363,0.9852755772672357,0.00479982329465403,CLM-00724_v1.png,Invalid,0.00013616232899948955,0.9998637437820435,3.270057646886926e-08,True,0.014588166514807765,Strong Match,HARD_FAIL,,,False,Likely Invalid,True
CLM-00205,Valid,Valid,0.7398102665456072,0.09768229988091276,0.16250743357348005,CLM-00205_v1.png,Valid,0.9999998807907104,4.201123005032059e-08,7.753120456754914e-08,True,0.26018961424510323,Acceptable Match,PASS,,,False,Likely Valid,True
CLM-00176,Valid,Valid,0.9084891512737658,0.03254684767406275,0.05896400105217146,CLM-00176_v1.png,Valid,1.0,7.842353433318294e-09,4.182741975000681e-08,True,0.09151084872623416,Strong Match,PASS,,,False,Likely Valid,True
CLM-00204,Valid,Valid,0.43729804733193195,0.3807804553245586,0.18192149734350938,CLM-00204_v1.png,Valid,1.0,1.6577264005945835e-08,8.06808753139876e-09,True,0.5627019526680681,Uncertain Result,PASS,,,False,Manual Review Required,False
CLM-00122,Valid,Valid,0.5180960475904647,0.09427698153979495,0.38762697086974035,CLM-00122_v1.png,Valid,1.0,1.0708880449072922e-09,4.70516984749092e-12,True,0.4819039524095353,Uncertain Result,PASS,,,False,Manual Review Required,False
CLM-00631,Invalid,Invalid,0.04157519913706749,0.8625432160926287,0.09588158477030367,CLM-00631_v1.png,Invalid,0.1500861644744873,0.8499138355255127,5.332844388306057e-09,True,0.012629380567116044,Strong Match,HARD_FAIL,,,False,Likely Invalid,True
CLM-00410,Valid,Valid,0.8446961862420104,0.03916801492951368,0.11613579882847586,CLM-00410_v1.png,Valid,0.9999998807907104,3.060678821498186e-08,8.550029662046654e-08,True,0.15530369454870008,Acceptable Match,PASS,,,False,Likely Valid,True
CLM-00605,Invalid,Invalid,0.16218254636371843,0.780606157392348,0.05721129624393362,CLM-00605_v1.png,Invalid,1.465685617318968e-08,0.9999991655349731,8.354219858119905e-07,True,0.2193930081426252,Acceptable Match,HARD_FAIL,,,False,Likely Invalid,True
CLM-00487,Valid,Valid,0.7956125900027069,0.05705430629150314,0.14733310370579,CLM-00487_v1.png,Valid,1.0,1.858060549864149e-08,5.2303875008874456e-08,True,0.2043874099972931,Acceptable Match,PASS,,,False,Likely Valid,True
CLM-00905,Invalid,Invalid,0.01286979721997267,0.9793332260238885,0.007796976756138866,CLM-00905_v1.png,Invalid,2.6443542083143257e-05,0.9999735355377197,5.642265321625928e-08,True,0.020640309513831223,Strong Match,HARD_FAIL,,,False,Likely Invalid,True
CLM-01106,ManualReview,ManualReview,0.014017006349441181,0.007064270028549484,0.9789187236220095,CLM-01106_v1.png,ManualReview,5.032665740145603e-06,0.01123687345534563,0.9887580871582031,True,0.009839363536193635,Strong Match,MANUAL_REVIEW,,,False,Manual Review Required,True
CLM-01098,ManualReview,Valid,0.7729904952790363,0.12654359579593616,0.1004659089250275,CLM-01098_v1.png,ManualReview,1.3830214100687965e-12,2.6100155082531273e-05,0.9999738931655884,False,0.22698339788655209,Model Disagreement,MANUAL_REVIEW,,,False,Manual Review Required,True
CLM-00229,Valid,Valid,0.7785926670215778,0.08465623718341071,0.1367510957950115,CLM-00229_v1.png,Valid,0.9999997615814209,2.3805249327324418e-07,8.094273695746779e-09,True,0.2214070945598431,Acceptable Match,PASS,,,False,Likely Valid,True
CLM-00250,Valid,Valid,0.8383567733227321,0.04254620935204085,0.11909701732522696,CLM-00250_v1.png,Valid,1.0,1.514337100161356e-08,2.0073880335758076e-08,True,0.16164322667726794,Acceptable Match,PASS,,,False,Likely Valid,True
CLM-00657,Invalid,Invalid,0.008294749273022671,0.9878072459446959,0.0038980047822812568,CLM-00657_v1.png,Valid,0.8289336562156677,0.1710663139820099,3.5777016765825564e-11,False,0.1588735897290282,Model Disagreement,HARD_FAIL,,,False,Manual Review Required,False
CLM-00495,Valid,Valid,0.6031025883390547,0.22450901046232544,0.17238840119861984,CLM-00495_v1.png,Valid,1.0,8.452139432790773e-09,3.507051360429614e-08,True,0.3968974116609453,Weak Match,PASS,,,False,Manual Review Required,False
CLM-00157,Valid,Valid,0.5511011074303269,0.12694066468859522,0.32195822788107786,CLM-00157_v1.png,Valid,0.9999998807907104,4.797869479489236e-08,1.1405405331288421e-07,True,0.44889877336038353,Weak Match,PASS,,,False,Manual Review Required,False
CLM-00173,Valid,Valid,0.7365493377758678,0.07500853847431893,0.18844212374981317,CLM-00173_v1.png,Valid,1.0,7.411796870693266e-11,5.016706234456381e-12,True,0.26345066222413216,Acceptable Match,PASS,,,False,Likely Valid,True
CLM-00389,Valid,ManualReview,0.1559508735988873,0.035474372966069215,0.8085747534350436,CLM-00389_v1.png,Valid,1.0,7.895514464451026e-09,3.4349316280213316e-08,False,0.1914252465649564,Model Disagreement,PASS,,,False,Manual Review Required,False
CLM-01016,ManualReview,ManualReview,0.010626407957239377,0.0023489307568015485,0.9870246612859591,CLM-01016_v1.png,Valid,0.9919392466545105,1.1289835128991399e-05,0.008049502037465572,False,0.004914585368551383,Model Disagreement,MANUAL_REVIEW,,,True,Manual Review Required,True
CLM-01442,ManualReview,ManualReview,0.03807932834932866,0.004691990631198147,0.9572286810194732,CLM-01442_v1.png,Valid,0.9994844198226929,1.0575315172900446e-05,0.0005049465107731521,False,0.042255738803219645,Model Disagreement,MANUAL_REVIEW,,,True,Manual Review Required,True
CLM-00436,Valid,Valid,0.7901341209549688,0.055528533490359945,0.15433734555467127,CLM-00436_v1.png,Valid,1.0,5.7261452468537755e-08,3.4886031841097065e-09,True,0.20986587904503118,Acceptable Match,PASS,,,False,Likely Valid,True
CLM-00806,Invalid,Invalid,0.008873727798754996,0.9852667214256529,0.0058595507755920965,CLM-00806_v1.png,Invalid,0.020872794091701508,0.9791272282600403,3.28988303266442e-09,True,0.006139493165612575,Strong Match,HARD_FAIL,,,False,Likely Invalid,True
CLM-00644,Invalid,Invalid,0.00701712821065694,0.9877445016826527,0.005238370106690327,CLM-00644_v1.png,Invalid,0.0001705927716102451,0.9998294115066528,2.2874623084589985e-08,True,0.012084909824000123,Strong Match,HARD_FAIL,,,False,Likely Invalid,True
CLM-01317,ManualReview,ManualReview,0.03204315648540811,0.004907914805480709,0.9630489287091111,CLM-01317_v1.png,ManualReview,4.501714556681691e-09,0.0012926027411594987,0.9987074136734009,True,0.035658484964289805,Strong Match,MANUAL_REVIEW,receipt,,False,Manual Review Required,True
CLM-01221,ManualReview,ManualReview,0.010163615556181645,0.0020575949431476054,0.9877787895006707,CLM-01221_v1.png,ManualReview,5.096230382140021e-11,0.00010188084706896916,0.9998980760574341,True,0.01211928655676342,Strong Match,MANUAL_REVIEW,,,False,Manual Review Required,True
CLM-01072,ManualReview,ManualReview,0.06035904352631219,0.014775871842541371,0.9248650846311465,CLM-01072_v1.png,ManualReview,8.04954464628943e-13,1.2096351383661386e-05,0.9999879598617554,True,0.0751228752306089,Strong Match,MANUAL_REVIEW,product_image,,False,Manual Review Required,True
CLM-01261,ManualReview,ManualReview,0.004002028013668386,0.001684741670311877,0.9943132303160198,CLM-01261_v1.png,Valid,0.9999991655349731,2.772842435661005e-07,5.552975039790908e-07,False,0.005685935218953331,Model Disagreement,MANUAL_REVIEW,,,True,Manual Review Required,True
CLM-00088,Valid,Valid,0.8466467178505424,0.068699080691726,0.08465420145773155,CLM-00088_v1.png,Valid,1.0,5.862017121716079e-11,3.943151360985553e-12,True,0.15335328214945765,Acceptable Match,PASS,,,False,Likely Valid,True
CLM-01127,ManualReview,ManualReview,0.013976720455595813,0.0020837620422936333,0.9839395175021105,CLM-01127_v1.png,ManualReview,0.05202741175889969,7.811651448719203e-05,0.9478945732116699,True,0.036044944290440584,Strong Match,MANUAL_REVIEW,,,True,Manual Review Required,True
CLM-01258,ManualReview,ManualReview,0.027550950723380555,0.03511240643894697,0.9373366428376724,CLM-01258_v1.png,ManualReview,7.52661217120476e-05,0.06980185210704803,0.9301228523254395,True,0.0072137905122329204,Strong Match,MANUAL_REVIEW,,,False,Manual Review Required,True
CLM-01078,ManualReview,ManualReview,0.03110047562620371,0.00501386627235597,0.9638856581014403,CLM-01078_v1.png,ManualReview,7.020708575689285e-22,7.601355656028375e-10,1.0,True,0.036114341898559665,Strong Match,MANUAL_REVIEW,warranty_card,,False,Manual Review Required,True
CLM-01183,ManualReview,Valid,0.8069563496986512,0.048838422918736045,0.1442052273826128,CLM-01183_v1.png,ManualReview,4.693002174284396e-18,3.120914726650881e-08,1.0,False,0.19304365030134885,Model Disagreement,MANUAL_REVIEW,,,False,Manual Review Required,True
CLM-00142,Valid,Valid,0.8392658286954567,0.050768652761245106,0.10996551854329803,CLM-00142_v1.png,Valid,1.0,1.9646968496545014e-09,1.003255256648572e-08,True,0.16073417130454326,Acceptable Match,PASS,,,False,Likely Valid,True
CLM-00235,Valid,Valid,0.8974686121248985,0.024228494669001018,0.07830289320610045,CLM-00235_v1.png,Valid,0.9999998807907104,1.0792901150580292e-07,9.73189795416829e-09,True,0.10253126866581197,Strong Match,PASS,,,False,Likely Valid,True
CLM-00454,Valid,Valid,0.924846110808342,0.02873278412425667,0.04642110506740121,CLM-00454_v1.png,Valid,1.0,1.5040491518902854e-08,2.011320177075504e-08,True,0.075153889191658,Strong Match,PASS,,,False,Likely Valid,True
CLM-01496,ManualReview,ManualReview,0.007975547516170186,0.0017531498446591194,0.9902713026391706,CLM-01496_v1.png,ManualReview,3.52000756720372e-06,0.008726741187274456,0.9912697076797485,True,0.00099840504057791,Strong Match,MANUAL_REVIEW,,,False,Manual Review Required,True
CLM-00189,Valid,Valid,0.9371819352011784,0.027464741936548246,0.03535332286227332,CLM-00189_v1.png,Valid,1.0,2.056151027218789e-09,8.422479602643307e-09,True,0.06281806479882157,Strong Match,PASS,,,False,Likely Valid,True
CLM-00674,Invalid,Invalid,0.014679306563099966,0.9805864979137925,0.004734195523107662,CLM-00674_v1.png,Invalid,0.0001032706059049815,0.9998961687088013,4.953720917910687e-07,True,0.019309670795008782,Strong Match,HARD_FAIL,,,False,Likely Invalid,True
CLM-00952,Invalid,Invalid,0.006590239574105287,0.9559911916972653,0.03741856872862934,CLM-00952_v1.png,Invalid,0.32497701048851013,0.6750230193138123,7.259009365823132e-11,True,0.28096817238345306,Acceptable Match,HARD_FAIL,,,False,Likely Invalid,True
CLM-01267,ManualReview,ManualReview,0.03069689393569729,0.030390998623271163,0.9389121074410315,CLM-01267_v1.png,ManualReview,0.00011491032637422904,0.05433569476008415,0.9455494284629822,True,0.006637321021950693,Strong Match,MANUAL_REVIEW,,,False,Manual Review Required,True
CLM-01158,ManualReview,Valid,0.8458293553243699,0.06727703922669198,0.08689360544893815,CLM-01158_v1.png,ManualReview,1.3880261284641143e-19,1.389575476906657e-08,1.0,False,0.15417064467563013,Model Disagreement,MANUAL_REVIEW,,,False,Manual Review Required,True
CLM-01254,ManualReview,Valid,0.7846214447799763,0.061060905353816766,0.15431764986620702,CLM-01254_v1.png,ManualReview,3.124729318134821e-15,3.260937774030026e-06,0.9999967813491821,False,0.21537533656920582,Model Disagreement,MANUAL_REVIEW,,,False,Manual Review Required,True
CLM-01002,ManualReview,ManualReview,0.045135381338545034,0.0031296379728614886,0.9517349806885935,CLM-01002_v1.png,Valid,0.9950194358825684,3.057449794141576e-05,0.0049499692395329475,False,0.043284455193974836,Model Disagreement,MANUAL_REVIEW,,,True,Manual Review Required,True
CLM-01214,ManualReview,ManualReview,0.010356054232873821,0.004148481756718552,0.9854954640104076,CLM-01214_v1.png,ManualReview,3.711532123307215e-11,3.488824222586118e-05,0.9999650716781616,True,0.01446960766775407,Strong Match,MANUAL_REVIEW,,,False,Manual Review Required,True
CLM-00438,Valid,Valid,0.8938448407637095,0.04292021533857674,0.06323494389771388,CLM-00438_v1.png,Valid,1.0,1.4996835773217754e-08,1.3792029740500311e-09,True,0.10615515923629049,Strong Match,PASS,,,False,Likely Valid,True
CLM-00384,Valid,Valid,0.7463985300130634,0.11713870835870106,0.13646276162823548,CLM-00384_v1.png,Valid,1.0,2.0632040076407065e-08,1.6578647343834518e-09,True,0.25360146998693656,Acceptable Match,PASS,,,False,Likely Valid,True
CLM-00645,Invalid,Invalid,0.004367490201979214,0.9867315270524502,0.008900982745570715,CLM-00645_v1.png,Invalid,0.0005705641233362257,0.9994294047355652,5.587503792980897e-08,True,0.012697877683115033,Strong Match,HARD_FAIL,,,False,Likely Invalid,True
CLM-01040,ManualReview,ManualReview,0.21242584138396234,0.2816666708044023,0.5059074878116353,CLM-01040_v1.png,Valid,0.6669342517852783,0.19546577334403992,0.13759994506835938,False,0.16102676397364302,Model Disagreement,MANUAL_REVIEW,,,False,Manual Review Required,True
CLM-00682,Invalid,Invalid,0.0030070221517834515,0.9951153346187648,0.0018776432294517601,CLM-00682_v1.png,Invalid,0.4119553565979004,0.5880446434020996,3.2864102550433927e-09,True,0.40707069121666517,Weak Match,HARD_FAIL,,,False,Likely Invalid,True
CLM-00757,Invalid,Invalid,0.002088503733863029,0.9835351051077269,0.014376391158409956,CLM-00757_v1.png,Invalid,0.14168691635131836,0.8583130836486816,1.2486068179384802e-08,True,0.12522202145904526,Strong Match,HARD_FAIL,,,False,Likely Invalid,True
CLM-00394,Valid,Valid,0.891615602488672,0.04091264897481693,0.06747174853651106,CLM-00394_v1.png,Valid,1.0,1.0877432982114854e-10,1.5590163708611993e-12,True,0.108384397511328,Strong Match,PASS,,,False,Likely Valid,True
CLM-01392,ManualReview,ManualReview,0.032301098012741114,0.003724728605995777,0.963974173381263,CLM-01392_v1.png,Valid,0.9941600561141968,2.0559329641400836e-05,0.005819510202854872,False,0.030185882732933766,Model Disagreement,MANUAL_REVIEW,,,True,Manual Review Required,True
CLM-00277,Valid,Valid,0.8197652303969847,0.05248748246439402,0.12774728713862124,CLM-00277_v1.png,Valid,1.0,7.947315722178772e-11,6.3187571494593975e-12,True,0.18023476960301532,Acceptable Match,PASS,,,False,Likely Valid,True
CLM-00028,Valid,Valid,0.7382420022471547,0.12380578361854243,0.1379522141343027,CLM-00028_v1.png,Valid,1.0,2.6739542136056116e-08,6.9233347943509216e-09,True,0.26175799775284525,Acceptable Match,PASS,,,False,Likely Valid,True
CLM-00078,Valid,Valid,0.5580895443157611,0.10350540379163667,0.3384050518926023,CLM-00078_v1.png,Valid,1.0,1.1722390835799956e-09,3.713763237905843e-12,True,0.4419104556842389,Weak Match,PASS,,,False,Manual Review Required,False
CLM-00758,Invalid,Invalid,0.029537334746821093,0.9594187876738214,0.011043877579357474,CLM-00758_v1.png,Valid,0.8794663548469543,0.12053366005420685,1.7669770160932963e-11,False,0.07995243282686704,Model Disagreement,HARD_FAIL,,,False,Manual Review Required,False
CLM-01426,ManualReview,ManualReview,0.01459360025574778,0.001969438594085238,0.983436961150167,CLM-01426_v1.png,ManualReview,1.1206100630767324e-10,9.333060006611049e-05,0.9999066591262817,True,0.01646969797611475,Strong Match,MANUAL_REVIEW,,,False,Manual Review Required,True
CLM-00530,Invalid,Invalid,0.0053802868464688305,0.9608079273701349,0.03381178578339638,CLM-00530_v1.png,Invalid,0.07146155834197998,0.9285385012626648,1.0834353553201836e-10,True,0.03226942610747008,Strong Match,HARD_FAIL,,,False,Likely Invalid,True
CLM-00886,Invalid,Invalid,0.004009581937748017,0.9722317224795628,0.023758695582689136,CLM-00886_v1.png,Invalid,0.003701128764078021,0.9962988495826721,4.006688758551036e-09,True,0.02406712710310932,Strong Match,HARD_FAIL,,,False,Likely Invalid,True
CLM-00367,Valid,Valid,0.8770194125912961,0.030767320070344363,0.09221326733835947,CLM-00367_v1.png,Valid,1.0,1.1351977691198556e-10,2.575118937531151e-12,True,0.12298058740870388,Strong Match,PASS,,,False,Likely Valid,True
CLM-01346,ManualReview,ManualReview,0.012980349835739985,0.002879922885197688,0.9841397272790621,CLM-01346_v1.png,ManualReview,4.448458046368842e-09,0.00025853089755401015,0.9997414946556091,True,0.01560176737654706,Strong Match,MANUAL_REVIEW,,,False,Manual Review Required,True
CLM-01135,ManualReview,Valid,0.6501197793367197,0.07285775334271853,0.2770224673205618,CLM-01135_v1.png,ManualReview,5.6769583845828805e-15,4.05676701120683e-06,0.9999959468841553,False,0.34987616754743556,Model Disagreement,MANUAL_REVIEW,,,False,Manual Review Required,True
CLM-00427,Valid,Valid,0.808414431967931,0.06261974127366338,0.1289658267584057,CLM-00427_v1.png,Valid,1.0,5.78203179779635e-11,3.2966251256594248e-12,True,0.19158556803206905,Acceptable Match,PASS,,,False,Likely Valid,True
CLM-01013,ManualReview,Valid,0.8864016131101341,0.03415914023477917,0.07943924665508681,CLM-01013_v1.png,ManualReview,7.452230810052409e-16,3.529768832777336e-07,0.9999996423721313,False,0.11359802926199725,Model Disagreement,MANUAL_REVIEW,,,False,Manual Review Required,True
CLM-00249,Valid,Valid,0.6673293468003273,0.09772697460162667,0.23494367859804602,CLM-00249_v1.png,Valid,1.0,1.2043067931788443e-10,1.3668558472568204e-12,True,0.3326706531996727,Acceptable Match,PASS,,,False,Likely Valid,True
CLM-00225,Valid,Valid,0.6437687275939955,0.12633487897969026,0.22989639342631418,CLM-00225_v1.png,Valid,0.9999997615814209,2.379380958927868e-07,7.571232529812733e-09,True,0.3562310339874254,Weak Match,PASS,,,False,Manual Review Required,False
CLM-00135,Valid,Valid,0.7565904466371441,0.05290523513650698,0.19050431822634883,CLM-00135_v1.png,Valid,1.0,8.210051305468369e-09,1.6376127121020545e-09,True,0.24340955336285586,Acceptable Match,PASS,,,False,Likely Valid,True
CLM-00768,Invalid,Invalid,0.11111919171588241,0.7279064002236821,0.16097440806043548,CLM-00768_v1.png,Valid,0.9653249382972717,0.03467508777976036,8.215844671255468e-12,False,0.2374185380735896,Model Disagreement,HARD_FAIL,,,False,Manual Review Required,False
CLM-00031,Valid,Valid,0.8374771721558834,0.0498096025521797,0.11271322529193681,CLM-00031_v1.png,Valid,1.0,1.5670272190959622e-08,1.77926118283267e-08,True,0.16252282784411665,Acceptable Match,PASS,,,False,Likely Valid,True
CLM-00455,Valid,Valid,0.6676549229906988,0.027080566130002988,0.30526451087929823,CLM-00455_v1.png,Valid,1.0,1.2020979767157769e-08,9.589350424832332e-10,True,0.33234507700930116,Acceptable Match,PASS,,,False,Likely Valid,True
CLM-00942,Invalid,Invalid,0.0073006438864338975,0.9864417999968645,0.0062575561167015825,CLM-00942_v1.png,Invalid,0.48620572686195374,0.5137942433357239,7.446540051248007e-10,True,0.47264755666114067,Uncertain Result,HARD_FAIL,,,False,Likely Invalid,True
CLM-00619,Invalid,Invalid,0.0021973826839234083,0.9819686441348718,0.01583397318120466,CLM-00619_v1.png,Invalid,0.341666579246521,0.658333420753479,1.3259946030075298e-08,True,0.32363522338139283,Acceptable Match,HARD_FAIL,,,False,Likely Invalid,True
CLM-00092,Valid,Invalid,0.400951713206654,0.40681475557229735,0.19223353122104872,CLM-00092_v1.png,Valid,1.0,4.516715002012006e-09,2.675937693652486e-09,False,0.5931852444277026,Model Disagreement,PASS,,,False,Manual Review Required,False
CLM-01490,ManualReview,ManualReview,0.0642559992817726,0.005099749155193002,0.9306442515630344,CLM-01490_v1.png,ManualReview,2.122309717690053e-25,1.760342843715179e-10,1.0,True,0.06935574843696557,Strong Match,MANUAL_REVIEW,warranty_card,,False,Manual Review Required,True
CLM-00457,Valid,Valid,0.863685790741656,0.04052769463141911,0.09578651462692488,CLM-00457_v1.png,Valid,1.0,2.1474957367928482e-09,1.117667647321241e-08,True,0.13631420925834403,Strong Match,PASS,,,False,Likely Valid,True
CLM-01052,ManualReview,Valid,0.6362631038324039,0.11058142273409027,0.25315547343350586,CLM-01052_v1.png,ManualReview,6.231752683056712e-16,3.429489368045324e-07,0.9999996423721313,False,0.3637365385397274,Model Disagreement,MANUAL_REVIEW,,,False,Manual Review Required,True
CLM-01465,ManualReview,ManualReview,0.0040219170640349525,0.003770277888809459,0.9922078050471556,CLM-01465_v1.png,ManualReview,2.828173882735927e-22,3.4636207235649863e-09,1.0,True,0.0077921949528444445,Strong Match,MANUAL_REVIEW,warranty_card,,False,Manual Review Required,True
CLM-00233,Valid,Valid,0.8255785852277608,0.10400375855107785,0.07041765622116146,CLM-00233_v1.png,Valid,1.0,8.483390878666341e-09,3.5878983339898696e-08,True,0.17442141477223916,Acceptable Match,PASS,,,False,Likely Valid,True
CLM-00816,Invalid,Invalid,0.0024499327886776294,0.9772830506807348,0.02026701653058749,CLM-00816_v1.png,Invalid,0.3534148931503296,0.6465851068496704,3.284673866232879e-09,True,0.33069794383106443,Acceptable Match,HARD_FAIL,,,False,Likely Invalid,True
CLM-01131,ManualReview,ManualReview,0.052193333737311866,0.0255363904104336,0.9222702758522544,CLM-01131_v1.png,Valid,0.7961490750312805,0.09352776408195496,0.11032319068908691,False,0.1261212008209739,Model Disagreement,MANUAL_REVIEW,,,False,Manual Review Required,True
CLM-01394,ManualReview,ManualReview,0.12503089735483078,0.10390688793024963,0.7710622147149195,CLM-01394_v1.png,Valid,0.6586545705795288,0.3369852900505066,0.00436018779873848,False,0.11240764413539073,Model Disagreement,MANUAL_REVIEW,,,False,Manual Review Required,True
CLM-00977,Invalid,Invalid,0.01193124873778633,0.980098267464742,0.007970483797471648,CLM-00977_v1.png,Invalid,0.005407099146395922,0.9945927262306213,1.346186024875351e-07,True,0.014494458765879292,Strong Match,HARD_FAIL,,,False,Likely Invalid,True
CLM-00581,Invalid,Invalid,0.08338328493332245,0.8732298559437858,0.04338685912289168,CLM-00581_v1.png,Invalid,2.3610000425833277e-06,0.9999974966049194,1.3358113903905178e-07,True,0.12676764066113366,Strong Match,HARD_FAIL,,,False,Likely Invalid,True
CLM-01166,ManualReview,ManualReview,0.001095979408379043,0.0034062838686644845,0.9954977367229564,CLM-01166_v1.png,ManualReview,2.8675366232190036e-19,6.98977231650133e-08,0.9999998807907104,True,0.004502144067754066,Strong Match,MANUAL_REVIEW,warranty_card,,False,Manual Review Required,True
CLM-01334,ManualReview,Valid,0.7866677725000352,0.09038320267764972,0.12294902482231503,CLM-01334_v1.png,ManualReview,6.173394314325296e-20,2.2341115624158192e-09,1.0,False,0.21333222749996483,Model Disagreement,MANUAL_REVIEW,,,False,Manual Review Required,True
CLM-00015,Valid,Valid,0.7902204330449366,0.048812920816124136,0.16096664613893932,CLM-00015_v1.png,Valid,1.0,1.2818026640104563e-09,4.005957458114162e-12,True,0.2097795669550634,Acceptable Match,PASS,,,False,Likely Valid,True
CLM-00632,Invalid,Invalid,0.2974768940734446,0.5854689944956487,0.11705411143090683,CLM-00632_v1.png,Invalid,1.6976164260995574e-06,0.9999982118606567,1.0763547919623306e-07,True,0.41452921736500803,Weak Match,HARD_FAIL,,,False,Likely Invalid,True
CLM-00861,Invalid,Invalid,0.43209266088038917,0.4583699253568265,0.10953741376278435,CLM-00861_v1.png,Invalid,2.055481218121713e-06,0.9999978542327881,4.5676838311692336e-08,True,0.5416279288759616,Uncertain Result,HARD_FAIL,,,False,Likely Invalid,True
CLM-00609,Invalid,Invalid,0.002775564542385322,0.9726039501263258,0.024620485331288945,CLM-00609_v1.png,Valid,0.6632487177848816,0.3367512822151184,1.921741758781348e-11,False,0.30935523234144424,Model Disagreement,HARD_FAIL,,,False,Manual Review Required,False
CLM-01323,ManualReview,ManualReview,0.01060338125960096,0.002501394324526991,0.9868952244158721,CLM-01323_v1.png,ManualReview,2.759351913628194e-10,0.00024432968348264694,0.9997556805610657,True,0.0128604561451936,Strong Match,MANUAL_REVIEW,,,False,Manual Review Required,True
CLM-00004,Valid,Valid,0.7349330578108363,0.03625737130220624,0.22880957088695741,CLM-00004_v1.png,Valid,0.9999998807907104,3.335783915758839e-08,1.17091730089669e-07,True,0.26506682297987416,Acceptable Match,PASS,,,False,Likely Valid,True
CLM-01380,ManualReview,ManualReview,0.046988524124405164,0.004572374939227829,0.948439100936367,CLM-01380_v1.png,ManualReview,8.363474129299674e-24,3.5703232037498367e-10,1.0,True,0.05156089906363304,Strong Match,MANUAL_REVIEW,warranty_card,,False,Manual Review Required,True
CLM-00906,Invalid,Invalid,0.01989400130208293,0.9738562787029013,0.006249719995015734,CLM-00906_v1.png,Invalid,0.1527465134859085,0.8472534418106079,6.683456899025941e-09,True,0.12660283689229335,Strong Match,HARD_FAIL,,,False,Likely Invalid,True
CLM-01121,ManualReview,ManualReview,0.008489526814073538,0.002754365559900858,0.9887561076260257,CLM-01121_v1.png,Valid,0.9999988079071045,5.689070192715917e-08,1.1671060065054917e-06,False,0.011242700281078766,Model Disagreement,MANUAL_REVIEW,,,True,Manual Review Required,True
CLM-00126,Valid,Valid,0.8563895065304186,0.03777517715588532,0.10583531631369612,CLM-00126_v1.png,Valid,0.9999997615814209,2.3396343351578253e-07,2.3164014706367198e-08,True,0.14361025505100233,Strong Match,PASS,,,False,Likely Valid,True
CLM-00851,Invalid,Invalid,0.0642595319212917,0.8532802942055908,0.08246017387311758,CLM-00851_v1.png,Invalid,0.08967253565788269,0.9103274345397949,1.869594035142086e-09,True,0.057047140334204105,Strong Match,HARD_FAIL,,,False,Likely Invalid,True
CLM-00511,Invalid,Invalid,0.020557424921732747,0.9757017271282618,0.0037408479500055263,CLM-00511_v1.png,Invalid,0.004315580241382122,0.9956842660903931,1.1257637311246071e-07,True,0.019982538962131313,Strong Match,HARD_FAIL,,,False,Likely Invalid,True
CLM-01157,ManualReview,ManualReview,0.045379323967677035,0.006995585028143392,0.9476250910041795,CLM-01157_v1.png,ManualReview,4.99286449347579e-17,2.2541137241205433e-06,0.9999977350234985,True,0.05237264401931907,Strong Match,MANUAL_REVIEW,product_image,,False,Manual Review Required,True
CLM-00898,Invalid,Invalid,0.009836689960705714,0.9811659183668048,0.008997391672489514,CLM-00898_v1.png,Invalid,0.00985557772219181,0.9901443719863892,1.740244570669347e-08,True,0.008978453619584381,Strong Match,HARD_FAIL,,,False,Likely Invalid,True
CLM-01077,ManualReview,Valid,0.7931493820787736,0.05819825111379238,0.1486523668074339,CLM-01077_v1.png,ManualReview,7.907146265638684e-16,5.699980647477787e-07,0.9999994039535522,False,0.20685002187477863,Model Disagreement,MANUAL_REVIEW,,,False,Manual Review Required,True
CLM-01499,ManualReview,ManualReview,0.006737433720415214,0.004671552644270719,0.9885910136353142,CLM-01499_v1.png,ManualReview,1.3800267749528437e-20,1.795444148910974e-08,1.0,True,0.011408986364685791,Strong Match,MANUAL_REVIEW,warranty_card,,False,Manual Review Required,True
CLM-00063,Valid,Valid,0.8956862553846321,0.03700571228072269,0.06730803233464519,CLM-00063_v1.png,Valid,1.0,8.077815083495921e-10,4.648934015527573e-12,True,0.10431374461536791,Strong Match,PASS,,,False,Likely Valid,True
CLM-01212,ManualReview,ManualReview,0.0255516990498756,0.0020106993081252644,0.9724376016419993,CLM-01212_v1.png,Valid,0.9448829889297485,0.0002076694363495335,0.05490933358669281,False,0.027554612712250792,Model Disagreement,MANUAL_REVIEW,,,True,Manual Review Required,True
CLM-00005,Valid,Valid,0.9105062347979086,0.03904199138594788,0.050451773816143394,CLM-00005_v1.png,Valid,1.0,1.519313208575568e-08,1.3900261386368129e-08,True,0.0894937652020914,Strong Match,PASS,,,False,Likely Valid,True
CLM-01298,ManualReview,Valid,0.8644989947358451,0.050829691560494404,0.0846713137036604,CLM-01298_v1.png,ManualReview,4.340386610050779e-16,2.268761107870887e-07,0.9999997615814209,False,0.13550076684557577,Model Disagreement,MANUAL_REVIEW,,,False,Manual Review Required,True
CLM-00745,Invalid,Invalid,0.1344836989876253,0.7738251397113679,0.09169116130100687,CLM-00745_v1.png,Invalid,0.10098402202129364,0.8990159630775452,1.4080653087944484e-08,True,0.12519082336617726,Strong Match,HARD_FAIL,,,False,Likely Invalid,True
CLM-00913,Invalid,Invalid,0.01750638612032764,0.9738578357106494,0.008635778169023053,CLM-00913_v1.png,Invalid,0.13405178487300873,0.8659482002258301,9.113360732726505e-08,True,0.10790963548481936,Strong Match,HARD_FAIL,,,False,Likely Invalid,True
CLM-00100,Valid,Valid,0.7715836184898508,0.08200769195963198,0.14640868955051725,CLM-00100_v1.png,Valid,1.0,6.995057311165453e-11,3.4377693833992362e-12,True,0.2284163815101492,Acceptable Match,PASS,,,False,Likely Valid,True
CLM-01203,ManualReview,ManualReview,0.03130478959978608,0.002856206390013352,0.9658390040102005,CLM-01203_v1.png,ManualReview,1.9310275491048422e-19,5.3799130483866975e-08,1.0,True,0.03416099598979949,Strong Match,MANUAL_REVIEW,warranty_card,,False,Manual Review Required,True
CLM-00947,Invalid,Invalid,0.018829538075386884,0.9737462901900129,0.007424171734600308,CLM-00947_v1.png,Invalid,0.004942832514643669,0.9950571060180664,3.043030361027377e-08,True,0.021310815828053498,Strong Match,HARD_FAIL,,,False,Likely Invalid,True
CLM-01092,ManualReview,Valid,0.8515536505196976,0.051115624744938394,0.09733072473536394,CLM-01092_v1.png,ManualReview,5.939276018018065e-15,6.000552275509108e-06,0.9999940395355225,False,0.1484403890158249,Model Disagreement,MANUAL_REVIEW,,,False,Manual Review Required,True
CLM-00492,Valid,Valid,0.6434127219461361,0.09468735233425983,0.2618999257196041,CLM-00492_v1.png,Valid,1.0,9.309966131354486e-10,7.95757904015204e-12,True,0.3565872780538639,Weak Match,PASS,,,False,Manual Review Required,False
CLM-00549,Invalid,Invalid,0.004348755279081644,0.9660775255170834,0.029573719203835017,CLM-00549_v1.png,Valid,0.9149372577667236,0.08506271243095398,7.2736621413438396e-12,False,0.051140267750359736,Model Disagreement,HARD_FAIL,,,False,Manual Review Required,False
CLM-01018,ManualReview,ManualReview,0.03310181595336644,0.006458878661644991,0.9604393053849886,CLM-01018_v1.png,ManualReview,8.544160967041526e-17,3.102361233686679e-06,0.9999969005584717,True,0.03955759517348312,Strong Match,MANUAL_REVIEW,product_image,,False,Manual Review Required,True
CLM-00362,Valid,Valid,0.5087935386741737,0.16883879623197232,0.3223676650938541,CLM-00362_v1.png,Valid,1.0,2.142873434252124e-08,1.5292028754387843e-09,True,0.49120646132582635,Uncertain Result,PASS,,,False,Manual Review Required,False
CLM-00802,Invalid,Invalid,0.016558665454303456,0.9767721179362266,0.006669216609469808,CLM-00802_v1.png,Invalid,0.0039490810595452785,0.9960508942604065,2.456584091703462e-08,True,0.019278776324179847,Strong Match,HARD_FAIL,,,False,Likely Invalid,True
CLM-01456,ManualReview,ManualReview,0.033903061369539175,0.04039804091399821,0.9256988977164626,CLM-01456_v1.png,Valid,0.8284072279930115,0.17132437229156494,0.00026845387765206397,False,0.09729166972345116,Model Disagreement,MANUAL_REVIEW,,,False,Manual Review Required,True
CLM-00089,Valid,Valid,0.8635546427120253,0.028915382344216853,0.10752997494375778,CLM-00089_v1.png,Valid,0.9999998807907104,1.3117752928337723e-07,1.5317899837441473e-08,True,0.13644523807868514,Strong Match,PASS,,,False,Likely Valid,True
CLM-01378,ManualReview,ManualReview,0.010116520873041861,0.002355522389304735,0.9875279567376533,CLM-01378_v1.png,ManualReview,2.666886267377322e-09,0.00018581782933324575,0.9998142123222351,True,0.012286255584581851,Strong Match,MANUAL_REVIEW,,,False,Manual Review Required,True
CLM-00368,Valid,Valid,0.8374686510299336,0.05566190244366179,0.10686944652640455,CLM-00368_v1.png,Valid,1.0,4.157724386999462e-09,9.279974122478052e-09,True,0.16253134897006638,Acceptable Match,PASS,,,False,Likely Valid,True
CLM-00787,Invalid,Invalid,0.011800953641084007,0.9817256439192973,0.006473402439618635,CLM-00787_v1.png,Invalid,0.0038112590555101633,0.9961887001991272,3.714570695478869e-08,True,0.014463056279829911,Strong Match,HARD_FAIL,,,False,Likely Invalid,True
CLM-00675,Invalid,Invalid,0.153631126826256,0.7640912625021815,0.0822776106715625,CLM-00675_v1.png,Valid,0.7054204344749451,0.29457956552505493,3.4547202432122504e-08,False,0.058670828027236444,Model Disagreement,HARD_FAIL,,,False,Manual Review Required,False
CLM-00673,Invalid,Invalid,0.014409018405864896,0.9757063526910391,0.009884628903095946,CLM-00673_v1.png,Invalid,0.00012895988766103983,0.999871015548706,7.044825167668023e-09,True,0.02416466285766694,Strong Match,HARD_FAIL,,,False,Likely Invalid,True
CLM-01156,ManualReview,ManualReview,0.008012201769130917,0.004042043001247647,0.9879457552296212,CLM-01156_v1.png,ManualReview,0.0713689848780632,4.859892578679137e-05,0.9285823702812195,True,0.059363384948401765,Strong Match,MANUAL_REVIEW,,,True,Manual Review Required,True
CLM-00397,Valid,Valid,0.8134561693671221,0.07058005761864224,0.11596377301423573,CLM-00397_v1.png,Valid,1.0,8.357541325665352e-09,2.606541427141451e-09,True,0.18654383063287794,Acceptable Match,PASS,,,False,Likely Valid,True
CLM-01363,ManualReview,ManualReview,0.03961896948342079,0.046558925012485985,0.9138221055040933,CLM-01363_v1.png,Valid,0.9994518160820007,0.0005470383330248296,1.21268692510057e-06,False,0.08562971057790747,Model Disagreement,MANUAL_REVIEW,,,False,Manual Review Required,True
CLM-01231,ManualReview,ManualReview,0.0853541862773467,0.12943686166968407,0.7852089520529694,CLM-01231_v1.png,ManualReview,0.0038175461813807487,0.05549118295311928,0.9406912922859192,True,0.15548234023294982,Acceptable Match,MANUAL_REVIEW,,,False,Manual Review Required,True
CLM-00478,Valid,Valid,0.6322765536857718,0.12744960560307683,0.24027384071115135,CLM-00478_v1.png,Valid,1.0,1.206684335786079e-10,1.693723611882747e-12,True,0.36772344631422815,Weak Match,PASS,,,False,Manual Review Required,False
CLM-00444,Valid,Valid,0.7554273148440933,0.04912156171008361,0.19545112344582302,CLM-00444_v1.png,Valid,0.9999997615814209,7.913548927263037e-08,6.827450249602407e-08,True,0.2445724467373276,Acceptable Match,PASS,,,False,Likely Valid,True
CLM-00456,Valid,Valid,0.7134103633726342,0.1036737416179741,0.18291589500939165,CLM-00456_v1.png,Valid,1.0,6.214683878624783e-09,1.895329404533186e-08,True,0.2865896366273658,Acceptable Match,PASS,,,False,Likely Valid,True
CLM-00904,Invalid,Invalid,0.16270909673007827,0.7695542251771543,0.0677366780927673,CLM-00904_v1.png,Invalid,1.3268922849363207e-08,0.9999991655349731,7.849208145671582e-07,True,0.23044494035781882,Acceptable Match,HARD_FAIL,,,False,Likely Invalid,True
CLM-00681,Invalid,Invalid,0.10476308260188714,0.8453582643046439,0.04987865309346894,CLM-00681_v1.png,Invalid,6.197451440925761e-09,0.9999984502792358,1.5866958165133838e-06,True,0.15464018597459195,Acceptable Match,HARD_FAIL,,,False,Likely Invalid,True
CLM-00301,Valid,Valid,0.7875309259128761,0.06075899639029063,0.15171007769683334,CLM-00301_v1.png,Valid,0.9999997615814209,2.128433465031776e-07,7.866141515933123e-09,True,0.2124688356685448,Acceptable Match,PASS,,,False,Likely Valid,True
CLM-01026,ManualReview,ManualReview,0.007346411949807242,0.0027402116441696996,0.9899133764060232,CLM-01026_v1.png,ManualReview,2.0097732367219123e-09,0.0001584058627486229,0.999841570854187,True,0.00992819444816384,Strong Match,MANUAL_REVIEW,,,False,Manual Review Required,True
CLM-01453,ManualReview,ManualReview,0.04378186090242091,0.00955594979125109,0.9466621893063281,CLM-01453_v1.png,ManualReview,1.1978136581561327e-12,1.5137808077270165e-05,0.999984860420227,True,0.05332267111389899,Strong Match,MANUAL_REVIEW,product_image,,False,Manual Review Required,True
CLM-01063,ManualReview,ManualReview,0.04715222180775674,0.01258034786561726,0.9402674303266261,CLM-01063_v1.png,ManualReview,1.478156548273546e-07,0.00979469995945692,0.9902051687240601,True,0.049937738397433984,Strong Match,MANUAL_REVIEW,receipt,,False,Manual Review Required,True
CLM-00653,Invalid,Invalid,0.28963670804659103,0.638530685021606,0.07183260693180296,CLM-00653_v1.png,Invalid,8.652565384181798e-07,0.9999977350234985,1.3696701444132486e-06,True,0.3614670500018925,Weak Match,HARD_FAIL,,,False,Likely Invalid,True
CLM-00148,Valid,Valid,0.791772008300662,0.06498515265119935,0.1432428390481388,CLM-00148_v1.png,Valid,1.0,8.902187875747813e-10,8.486420767506164e-12,True,0.20822799169933803,Acceptable Match,PASS,,,False,Likely Valid,True
CLM-01382,ManualReview,ManualReview,0.014054653854291154,0.004954341241373468,0.9809910049043354,CLM-01382_v1.png,Valid,0.9155765771865845,8.606485062045977e-05,0.08433731645345688,False,0.06541442771775097,Model Disagreement,MANUAL_REVIEW,,,True,Manual Review Required,True
CLM-00512,Invalid,Invalid,0.006177113927363763,0.9600582384412764,0.03376464763135966,CLM-00512_v1.png,Invalid,0.313812792301178,0.686187207698822,2.8685227526636936e-09,True,0.27387103074245434,Acceptable Match,HARD_FAIL,,,False,Likely Invalid,True
CLM-01205,ManualReview,ManualReview,0.008211175595258616,0.004262264736990412,0.9875265596677509,CLM-01205_v1.png,Valid,0.9592979550361633,0.00018610595725476742,0.04051601141691208,False,0.028228604631587606,Model Disagreement,MANUAL_REVIEW,,,True,Manual Review Required,True
CLM-00646,Invalid,Invalid,0.045996279401071566,0.7881987026621837,0.16580501793674474,CLM-00646_v1.png,Invalid,0.15760862827301025,0.8423913717269897,1.441961439141437e-09,True,0.05419266906480602,Strong Match,HARD_FAIL,,,False,Likely Invalid,True
CLM-00357,Valid,Valid,0.8440458318277649,0.03758689270099997,0.11836727547123513,CLM-00357_v1.png,Valid,1.0,1.477156974516447e-08,1.5064722802549113e-08,True,0.15595416817223506,Acceptable Match,PASS,,,False,Likely Valid,True
CLM-00577,Invalid,Invalid,0.011453303556948439,0.9834500609567877,0.005096635486263857,CLM-00577_v1.png,Valid,0.8319374918937683,0.1680624783039093,4.282947954625804e-11,False,0.15151256906301935,Model Disagreement,HARD_FAIL,,,False,Manual Review Required,False
CLM-00507,Invalid,Invalid,0.0024751470528465197,0.9886959204754484,0.008828932471705055,CLM-00507_v1.png,Invalid,0.00016176747158169746,0.9998382329940796,2.5026945849049298e-08,True,0.011142312518631181,Strong Match,HARD_FAIL,,,False,Likely Invalid,True
CLM-01482,ManualReview,Valid,0.8437459339248006,0.04645603058747623,0.10979803548772313,CLM-01482_v1.png,ManualReview,3.197821570005302e-19,5.12518205653123e-09,1.0,False,0.15625406607519943,Model Disagreement,MANUAL_REVIEW,,,False,Manual Review Required,True
CLM-01226,ManualReview,ManualReview,0.0292244949197854,0.003317023965443294,0.9674584811147712,CLM-01226_v1.png,ManualReview,3.084263679042222e-21,7.553751402156195e-09,1.0,True,0.032541518885228826,Strong Match,MANUAL_REVIEW,warranty_card,,False,Manual Review Required,True
CLM-00326,Valid,Valid,0.7903703312796858,0.048778041486504484,0.1608516272338097,CLM-00326_v1.png,Valid,1.0,1.1418562761988937e-09,4.423116820723161e-12,True,0.2096296687203142,Acceptable Match,PASS,,,False,Likely Valid,True
CLM-01428,ManualReview,ManualReview,0.013426982804290763,0.004300232642446894,0.9822727845532622,CLM-01428_v1.png,ManualReview,1.920784064285238e-21,3.815560756237346e-09,1.0,True,0.017727215446737832,Strong Match,MANUAL_REVIEW,warranty_card,,False,Manual Review Required,True
CLM-00658,Invalid,Invalid,0.12129470534470331,0.8102860917788747,0.06841920287642189,CLM-00658_v1.png,Valid,0.6762746572494507,0.3237253427505493,1.4635918865746333e-10,False,0.134011434529424,Model Disagreement,HARD_FAIL,,,False,Manual Review Required,False
CLM-00779,Invalid,Invalid,0.01335414239622919,0.9826686602474334,0.00397719735633741,CLM-00779_v1.png,Invalid,0.000118218784336932,0.9998607635498047,2.1003799702157266e-05,True,0.01719210330237131,Strong Match,HARD_FAIL,,,False,Likely Invalid,True
CLM-00974,Invalid,Invalid,0.2018440387164276,0.49443273803730964,0.3037232232462627,CLM-00974_v1.png,Invalid,1.2121222425776068e-06,0.9999986886978149,1.0579351794604008e-07,True,0.5055659506605052,Uncertain Result,HARD_FAIL,,,False,Likely Invalid,True
CLM-00885,Invalid,Invalid,0.00391326165691267,0.9655815278585703,0.030505210484516963,CLM-00885_v1.png,Invalid,0.2921849489212036,0.7078149914741516,7.946582836204641e-10,True,0.2577665363844187,Acceptable Match,HARD_FAIL,,,False,Likely Invalid,True
CLM-01210,ManualReview,ManualReview,0.04186626616374577,0.011534082387784177,0.9465996514484701,CLM-01210_v1.png,ManualReview,7.297449450271998e-11,5.268154927762225e-05,0.9999473094940186,True,0.05334765804554842,Strong Match,MANUAL_REVIEW,receipt,,False,Manual Review Required,True
CLM-01227,ManualReview,ManualReview,0.03757150155139046,0.04291878337486658,0.9195097150737429,CLM-01227_v1.png,Valid,0.6328877210617065,0.35754722356796265,0.009565026499330997,False,0.28662199401203636,Model Disagreement,MANUAL_REVIEW,,,False,Manual Review Required,True
CLM-00440,Valid,Valid,0.7460030302931728,0.06484946250513268,0.18914750720169438,CLM-00440_v1.png,Valid,1.0,1.2272853844308429e-09,3.918245502360085e-12,True,0.25399696970682717,Acceptable Match,PASS,,,False,Likely Valid,True
CLM-01058,ManualReview,ManualReview,0.045281846041271626,0.041186014373309994,0.9135321395854183,CLM-01058_v1.png,Valid,0.9933805465698242,0.006608542054891586,1.0899890185100958e-05,False,0.07984840698440587,Model Disagreement,MANUAL_REVIEW,,,False,Manual Review Required,True
CLM-01291,ManualReview,ManualReview,0.03650725710467242,0.0061473542244961385,0.9573453886708313,CLM-01291_v1.png,ManualReview,1.2310367103205767e-15,1.3841568943462335e-05,0.9999861717224121,True,0.04264078305158081,Strong Match,MANUAL_REVIEW,product_image,,False,Manual Review Required,True
CLM-00826,Invalid,Invalid,0.12784216956295902,0.8320261314500985,0.040131698986942486,CLM-00826_v1.png,Invalid,4.550415724224877e-06,0.9999953508377075,8.237216775341949e-08,True,0.167969219387609,Acceptable Match,HARD_FAIL,,,False,Likely Invalid,True
CLM-00655,Invalid,Invalid,0.005061735922298885,0.9683535470898774,0.02658471698782362,CLM-00655_v1.png,Invalid,0.13537712395191193,0.8646228313446045,1.4939303127903258e-09,True,0.10373071574527293,Strong Match,HARD_FAIL,,,False,Likely Invalid,True
CLM-00814,Invalid,Invalid,0.025839096879934253,0.9604426084855338,0.013718294634532013,CLM-00814_v1.png,Invalid,0.006131748668849468,0.9938682913780212,2.5975561257496338e-08,True,0.033425682892487485,Strong Match,HARD_FAIL,,,False,Likely Invalid,True
CLM-00523,Invalid,Invalid,0.06691746413619047,0.9184785501395757,0.014603985724233758,CLM-00523_v1.png,Invalid,2.8060299882781692e-05,0.9999719858169556,1.3196875814358577e-09,True,0.08149343567737988,Strong Match,HARD_FAIL,,,False,Likely Invalid,True
CLM-00200,Valid,Valid,0.8658592409857254,0.04435596688265556,0.08978479213161909,CLM-00200_v1.png,Valid,1.0,5.105740136235326e-11,2.8735475370716967e-12,True,0.13414075901427458,Strong Match,PASS,,,False,Likely Valid,True
CLM-01474,ManualReview,ManualReview,0.038931268249633603,0.004880454477446031,0.9561882772729204,CLM-01474_v1.png,Valid,0.9847620725631714,1.888436236185953e-05,0.015219048596918583,False,0.028573795290250947,Model Disagreement,MANUAL_REVIEW,,,True,Manual Review Required,True
CLM-00978,Invalid,Invalid,0.11276216873428462,0.8265299644571937,0.06070786680852169,CLM-00978_v1.png,Invalid,5.557079202844761e-05,0.9999444484710693,7.722574246749048e-10,True,0.1734144840138756,Acceptable Match,HARD_FAIL,,,False,Likely Invalid,True
CLM-00613,Invalid,Invalid,0.008937289988922558,0.983959695841733,0.007103014169344303,CLM-00613_v1.png,Invalid,0.030406136065721512,0.96959388256073,2.0227104435832644e-09,True,0.01436581328100306,Strong Match,HARD_FAIL,,,False,Likely Invalid,True
CLM-01038,ManualReview,Valid,0.699496138541521,0.224809307455281,0.07569455400319798,CLM-01038_v1.png,ManualReview,5.561537440025273e-15,2.9890941277699312e-06,0.9999970197677612,False,0.3005008812262402,Model Disagreement,MANUAL_REVIEW,,,False,Manual Review Required,True
CLM-01036,ManualReview,ManualReview,0.012943689834466606,0.0024874756443483024,0.9845688345211853,CLM-01036_v1.png,ManualReview,1.1678297795469916e-07,0.01013977825641632,0.9898601174354553,True,0.005291282914270057,Strong Match,MANUAL_REVIEW,receipt,,False,Manual Review Required,True
CLM-00082,Valid,Valid,0.8581683445938484,0.0498337260748685,0.09199792933128315,CLM-00082_v1.png,Valid,1.0,5.4668675836255787e-11,3.1618548924916556e-12,True,0.1418316554061516,Strong Match,PASS,,,False,Likely Valid,True
CLM-00309,Valid,Valid,0.7470112385523155,0.07607395506850706,0.1769148063791774,CLM-00309_v1.png,Valid,1.0,1.3384894970158712e-08,1.6359994248205112e-08,True,0.25298876144768445,Acceptable Match,PASS,,,False,Likely Valid,True
CLM-00980,Invalid,Invalid,0.422630592621415,0.44960069740539527,0.12776870997318968,CLM-00980_v1.png,Invalid,7.892738018711043e-09,0.9999991655349731,8.788475724941236e-07,True,0.5503984681295779,Uncertain Result,HARD_FAIL,,,False,Likely Invalid,True
CLM-00079,Valid,Valid,0.6232440449318765,0.28562366910358683,0.09113228596453658,CLM-00079_v1.png,Valid,1.0,7.21744886078568e-11,4.115569864071578e-12,True,0.37675595506812354,Weak Match,PASS,,,False,Manual Review Required,False
CLM-00496,Valid,Valid,0.7650625349350307,0.11068755287842709,0.1242499121865422,CLM-00496_v1.png,Valid,0.9999998807907104,6.422439469133678e-08,4.275768183958917e-09,True,0.2349373458556797,Acceptable Match,PASS,,,False,Likely Valid,True
CLM-00068,Valid,Valid,0.8493497473673186,0.061309780534174546,0.08934047209850685,CLM-00068_v1.png,Valid,1.0,1.1439790781331283e-10,2.3665850095583307e-12,True,0.1506502526326814,Acceptable Match,PASS,,,False,Likely Valid,True
CLM-00481,Valid,Valid,0.8196513832783944,0.04258971500878555,0.13775890171282004,CLM-00481_v1.png,Valid,1.0,5.171828476591145e-08,3.096962242210566e-09,True,0.18034861672160563,Acceptable Match,PASS,,,False,Likely Valid,True
CLM-00901,Invalid,Invalid,0.11497849141092789,0.8081119523008418,0.07690955628823033,CLM-00901_v1.png,Invalid,0.11375566571950912,0.8862444162368774,1.5088050253631025e-10,True,0.07813246393603568,Strong Match,HARD_FAIL,,,False,Likely Invalid,True
CLM-01305,ManualReview,Valid,0.8438798716463822,0.07064078574147002,0.08547934261214787,CLM-01305_v1.png,ManualReview,4.584655989700669e-18,2.772158680386383e-08,1.0,False,0.15612012835361777,Model Disagreement,MANUAL_REVIEW,,,False,Manual Review Required,True
CLM-00708,Invalid,Invalid,0.39216338957974256,0.5077585352932092,0.10007807512704822,CLM-00708_v1.png,Invalid,3.0629821594629902e-06,0.9999969005584717,2.4114919838780224e-08,True,0.49223836526526243,Uncertain Result,HARD_FAIL,,,False,Likely Invalid,True
CLM-00247,Valid,Valid,0.7311327164389472,0.1083918442531581,0.16047543930789468,CLM-00247_v1.png,Valid,1.0,5.908297462386969e-11,2.748818100223316e-12,True,0.26886728356105283,Acceptable Match,PASS,,,False,Likely Valid,True
CLM-00983,Invalid,Invalid,0.14597250288227842,0.639978098985113,0.21404939813260848,CLM-00983_v1.png,Invalid,1.6453394664495136e-06,0.9999983310699463,5.684707105046982e-08,True,0.36002023208483325,Weak Match,HARD_FAIL,,,False,Likely Invalid,True
CLM-01483,ManualReview,ManualReview,0.09916660415103085,0.06067585436901648,0.8401575414799527,CLM-01483_v1.png,ManualReview,0.009111892431974411,0.2570057809352875,0.7338823080062866,True,0.10627523347366608,Strong Match,MANUAL_REVIEW,,,False,Manual Review Required,True
CLM-00729,Invalid,Invalid,0.014734555921339914,0.9771836282160778,0.008081815862582243,CLM-00729_v1.png,Invalid,0.0009315849747508764,0.9990684390068054,5.80707784081369e-08,True,0.02188481079072757,Strong Match,HARD_FAIL,,,False,Likely Invalid,True
CLM-01088,ManualReview,ManualReview,0.03146904187750208,0.004143816229757285,0.9643871418927406,CLM-01088_v1.png,ManualReview,6.793282825157121e-09,0.00036469005863182247,0.9996353387832642,True,0.03524819689052361,Strong Match,MANUAL_REVIEW,receipt,,False,Manual Review Required,True
CLM-00220,Valid,Valid,0.8049309303415273,0.04659153908673742,0.14847753057173524,CLM-00220_v1.png,Valid,1.0,2.1236886027509172e-08,1.5274247422425447e-09,True,0.1950690696584727,Acceptable Match,PASS,,,False,Likely Valid,True
CLM-01253,ManualReview,ManualReview,0.011596287726606796,0.0036382141325326275,0.9847654981408607,CLM-01253_v1.png,ManualReview,7.89307716408949e-11,7.313421519938856e-05,0.9999268054962158,True,0.015161307355355147,Strong Match,MANUAL_REVIEW,,,False,Manual Review Required,True
CLM-00224,Valid,Valid,0.8170670600046888,0.05050994007161068,0.13242299992370055,CLM-00224_v1.png,Valid,1.0,1.4231545941711943e-09,3.5289380306835483e-09,True,0.18293293999531124,Acceptable Match,PASS,,,False,Likely Valid,True
CLM-00767,Invalid,Invalid,0.07301066600418826,0.9091968291097444,0.017792504886067272,CLM-00767_v1.png,Invalid,8.222854148698389e-07,0.999998927116394,2.3063184073635057e-07,True,0.09080209800664962,Strong Match,HARD_FAIL,,,False,Likely Invalid,True
CLM-00090,Valid,Valid,0.5907224703959303,0.2426829203840383,0.16659460922003147,CLM-00090_v1.png,Valid,0.9999997615814209,2.488184520643699e-07,9.812865187086572e-09,True,0.4092772911854906,Weak Match,PASS,,,False,Manual Review Required,False
